,subsets,len,count
0,{'CAX16'},1,356
1,{'CAX17'},1,131
2,{'DEX33'},1,294
3,{'JPX38'},1,331
4,{'MNX45'},1,362
5,{'NOX49'},1,283
6,{'SEX63'},1,361
7,{'USX74'},1,305
8,{'USX75'},1,351
9,"{'CAX16', 'CAX17'}",2,129
10,"{'CAX16', 'DEX33'}",2,287
11,"{'CAX16', 'JPX38'}",2,324
12,"{'CAX16', 'MNX45'}",2,354
13,"{'CAX16', 'NOX49'}",2,275
14,"{'SEX63', 'CAX16'}",2,353
15,"{'USX74', 'CAX16'}",2,301
16,"{'CAX16', 'USX75'}",2,343
17,"{'CAX17', 'DEX33'}",2,66
18,"{'CAX17', 'JPX38'}",2,123
19,"{'CAX17', 'MNX45'}",2,130
20,"{'CAX17', 'NOX49'}",2,115
21,"{'SEX63', 'CAX17'}",2,129
22,"{'USX74', 'CAX17'}",2,126
23,"{'CAX17', 'USX75'}",2,128
24,"{'JPX38', 'DEX33'}",2,269
25,"{'DEX33', 'MNX45'}",2,293
26,"{'NOX49', 'DEX33'}",2,229
27,"{'SEX63', 'DEX33'}",2,294
28,"{'USX74', 'DEX33'}",2,235
29,"{'USX75', 'DEX33'}",2,284
30,"{'JPX38', 'MNX45'}",2,329
31,"{'NOX49', 'JPX38'}",2,256
32,"{'SEX63', 'JPX38'}",2,328
33,"{'USX74', 'JPX38'}",2,272
34,"{'USX75', 'JPX38'}",2,318
35,"{'NOX49', 'MNX45'}",2,282
36,"{'SEX63', 'MNX45'}",2,359
37,"{'USX74', 'MNX45'}",2,303
38,"{'USX75', 'MNX45'}",2,349
39,"{'SEX63', 'NOX49'}",2,280
40,"{'USX74', 'NOX49'}",2,252
41,"{'USX75', 'NOX49'}",2,271
42,"{'SEX63', 'USX74'}",2,302
43,"{'SEX63', 'USX75'}",2,348
44,"{'USX74', 'USX75'}",2,302
45,"{'CAX16', 'CAX17', 'DEX33'}",3,65
46,"{'CAX16', 'JPX38', 'CAX17'}",3,122
47,"{'CAX16', 'CAX17', 'MNX45'}",3,128
48,"{'CAX16', 'NOX49', 'CAX17'}",3,113
49,"{'SEX63', 'CAX16', 'CAX17'}",3,127
50,"{'USX74', 'CAX16', 'CAX17'}",3,124
51,"{'CAX16', 'CAX17', 'USX75'}",3,126
52,"{'CAX16', 'JPX38', 'DEX33'}",3,262
53,"{'CAX16', 'DEX33', 'MNX45'}",3,286
54,"{'CAX16', 'NOX49', 'DEX33'}",3,222
55,"{'SEX63', 'CAX16', 'DEX33'}",3,287
56,"{'USX74', 'CAX16', 'DEX33'}",3,232
57,"{'CAX16', 'USX75', 'DEX33'}",3,277
58,"{'CAX16', 'JPX38', 'MNX45'}",3,322
59,"{'CAX16', 'JPX38', 'NOX49'}",3,249
60,"{'SEX63', 'CAX16', 'JPX38'}",3,321
61,"{'USX74', 'CAX16', 'JPX38'}",3,269
62,"{'CAX16', 'JPX38', 'USX75'}",3,311
63,"{'CAX16', 'NOX49', 'MNX45'}",3,274
64,"{'SEX63', 'CAX16', 'MNX45'}",3,351
65,"{'USX74', 'CAX16', 'MNX45'}",3,299
66,"{'CAX16', 'USX75', 'MNX45'}",3,341
67,"{'SEX63', 'CAX16', 'NOX49'}",3,272
68,"{'USX74', 'CAX16', 'NOX49'}",3,248
69,"{'CAX16', 'NOX49', 'USX75'}",3,263
70,"{'SEX63', 'USX74', 'CAX16'}",3,298
71,"{'SEX63', 'CAX16', 'USX75'}",3,340
72,"{'USX74', 'CAX16', 'USX75'}",3,298
73,"{'CAX17', 'JPX38', 'DEX33'}",3,66
74,"{'CAX17', 'DEX33', 'MNX45'}",3,66
75,"{'CAX17', 'NOX49', 'DEX33'}",3,66
76,"{'SEX63', 'CAX17', 'DEX33'}",3,66
77,"{'USX74', 'CAX17', 'DEX33'}",3,61
78,"{'CAX17', 'USX75', 'DEX33'}",3,66
79,"{'CAX17', 'JPX38', 'MNX45'}",3,122
80,"{'CAX17', 'JPX38', 'NOX49'}",3,111
81,"{'SEX63', 'CAX17', 'JPX38'}",3,121
82,"{'USX74', 'CAX17', 'JPX38'}",3,118
83,"{'CAX17', 'JPX38', 'USX75'}",3,120
84,"{'CAX17', 'NOX49', 'MNX45'}",3,114
85,"{'SEX63', 'CAX17', 'MNX45'}",3,128
86,"{'USX74', 'CAX17', 'MNX45'}",3,125
87,"{'CAX17', 'USX75', 'MNX45'}",3,127
88,"{'SEX63', 'CAX17', 'NOX49'}",3,113
89,"{'USX74', 'CAX17', 'NOX49'}",3,110
90,"{'CAX17', 'NOX49', 'USX75'}",3,112
91,"{'SEX63', 'USX74', 'CAX17'}",3,124
92,"{'SEX63', 'CAX17', 'USX75'}",3,126
93,"{'USX74', 'CAX17', 'USX75'}",3,123
94,"{'JPX38', 'DEX33', 'MNX45'}",3,268
95,"{'NOX49', 'JPX38', 'DEX33'}",3,206
96,"{'SEX63', 'JPX38', 'DEX33'}",3,269
97,"{'USX74', 'JPX38', 'DEX33'}",3,210
98,"{'USX75', 'JPX38', 'DEX33'}",3,259
99,"{'NOX49', 'DEX33', 'MNX45'}",3,229
100,"{'SEX63', 'DEX33', 'MNX45'}",3,293
101,"{'USX74', 'DEX33', 'MNX45'}",3,234
102,"{'USX75', 'DEX33', 'MNX45'}",3,283
103,"{'SEX63', 'NOX49', 'DEX33'}",3,229
104,"{'USX74', 'NOX49', 'DEX33'}",3,198
105,"{'USX75', 'NOX49', 'DEX33'}",3,220
106,"{'SEX63', 'USX74', 'DEX33'}",3,235
107,"{'SEX63', 'USX75', 'DEX33'}",3,284
108,"{'USX74', 'USX75', 'DEX33'}",3,235
109,"{'NOX49', 'JPX38', 'MNX45'}",3,255
110,"{'SEX63', 'JPX38', 'MNX45'}",3,326
111,"{'USX74', 'JPX38', 'MNX45'}",3,270
112,"{'USX75', 'JPX38', 'MNX45'}",3,316
113,"{'SEX63', 'NOX49', 'JPX38'}",3,253
114,"{'USX74', 'NOX49', 'JPX38'}",3,225
115,"{'NOX49', 'JPX38', 'USX75'}",3,244
116,"{'SEX63', 'USX74', 'JPX38'}",3,269
117,"{'SEX63', 'USX75', 'JPX38'}",3,315
118,"{'USX74', 'USX75', 'JPX38'}",3,269
119,"{'SEX63', 'NOX49', 'MNX45'}",3,279
120,"{'USX74', 'NOX49', 'MNX45'}",3,251
121,"{'USX75', 'NOX49', 'MNX45'}",3,270
122,"{'SEX63', 'USX74', 'MNX45'}",3,300
123,"{'SEX63', 'USX75', 'MNX45'}",3,346
124,"{'USX74', 'USX75', 'MNX45'}",3,300
125,"{'SEX63', 'USX74', 'NOX49'}",3,249
126,"{'SEX63', 'USX75', 'NOX49'}",3,268
127,"{'USX74', 'USX75', 'NOX49'}",3,249
128,"{'SEX63', 'USX74', 'USX75'}",3,299
129,"{'CAX16', 'JPX38', 'CAX17', 'DEX33'}",4,65
130,"{'CAX16', 'CAX17', 'DEX33', 'MNX45'}",4,65
131,"{'CAX16', 'NOX49', 'CAX17', 'DEX33'}",4,65
132,"{'SEX63', 'CAX16', 'CAX17', 'DEX33'}",4,65
133,"{'USX74', 'CAX16', 'CAX17', 'DEX33'}",4,60
134,"{'USX75', 'CAX16', 'CAX17', 'DEX33'}",4,65
135,"{'CAX16', 'JPX38', 'CAX17', 'MNX45'}",4,121
136,"{'CAX16', 'JPX38', 'CAX17', 'NOX49'}",4,110
137,"{'SEX63', 'CAX16', 'JPX38', 'CAX17'}",4,120
138,"{'USX74', 'CAX16', 'JPX38', 'CAX17'}",4,117
139,"{'CAX16', 'JPX38', 'CAX17', 'USX75'}",4,119
140,"{'CAX16', 'NOX49', 'CAX17', 'MNX45'}",4,112
141,"{'SEX63', 'CAX16', 'CAX17', 'MNX45'}",4,126
142,"{'USX74', 'CAX16', 'CAX17', 'MNX45'}",4,123
143,"{'USX75', 'CAX16', 'CAX17', 'MNX45'}",4,125
144,"{'SEX63', 'CAX16', 'NOX49', 'CAX17'}",4,111
145,"{'USX74', 'CAX16', 'NOX49', 'CAX17'}",4,108
146,"{'CAX16', 'NOX49', 'CAX17', 'USX75'}",4,110
147,"{'SEX63', 'USX74', 'CAX16', 'CAX17'}",4,122
148,"{'SEX63', 'CAX16', 'CAX17', 'USX75'}",4,124
149,"{'USX74', 'CAX16', 'CAX17', 'USX75'}",4,121
150,"{'CAX16', 'JPX38', 'DEX33', 'MNX45'}",4,261
151,"{'CAX16', 'JPX38', 'NOX49', 'DEX33'}",4,199
152,"{'SEX63', 'CAX16', 'JPX38', 'DEX33'}",4,262
153,"{'USX74', 'CAX16', 'JPX38', 'DEX33'}",4,207
154,"{'CAX16', 'JPX38', 'USX75', 'DEX33'}",4,252
155,"{'CAX16', 'NOX49', 'DEX33', 'MNX45'}",4,222
156,"{'SEX63', 'CAX16', 'DEX33', 'MNX45'}",4,286
157,"{'USX74', 'CAX16', 'DEX33', 'MNX45'}",4,231
158,"{'CAX16', 'USX75', 'DEX33', 'MNX45'}",4,276
159,"{'SEX63', 'CAX16', 'NOX49', 'DEX33'}",4,222
160,"{'USX74', 'CAX16', 'NOX49', 'DEX33'}",4,195
161,"{'CAX16', 'NOX49', 'USX75', 'DEX33'}",4,213
162,"{'SEX63', 'USX74', 'CAX16', 'DEX33'}",4,232
163,"{'SEX63', 'CAX16', 'USX75', 'DEX33'}",4,277
164,"{'USX74', 'CAX16', 'USX75', 'DEX33'}",4,232
165,"{'CAX16', 'JPX38', 'NOX49', 'MNX45'}",4,248
166,"{'SEX63', 'CAX16', 'JPX38', 'MNX45'}",4,319
167,"{'USX74', 'CAX16', 'JPX38', 'MNX45'}",4,267
168,"{'CAX16', 'JPX38', 'USX75', 'MNX45'}",4,309
169,"{'SEX63', 'CAX16', 'JPX38', 'NOX49'}",4,246
170,"{'USX74', 'CAX16', 'JPX38', 'NOX49'}",4,222
171,"{'CAX16', 'JPX38', 'NOX49', 'USX75'}",4,237
172,"{'SEX63', 'USX74', 'CAX16', 'JPX38'}",4,266
173,"{'SEX63', 'CAX16', 'JPX38', 'USX75'}",4,308
174,"{'USX74', 'CAX16', 'JPX38', 'USX75'}",4,266
175,"{'SEX63', 'CAX16', 'NOX49', 'MNX45'}",4,271
176,"{'USX74', 'CAX16', 'NOX49', 'MNX45'}",4,247
177,"{'CAX16', 'NOX49', 'USX75', 'MNX45'}",4,262
178,"{'SEX63', 'USX74', 'CAX16', 'MNX45'}",4,296
179,"{'SEX63', 'CAX16', 'USX75', 'MNX45'}",4,338
180,"{'USX74', 'CAX16', 'USX75', 'MNX45'}",4,296
181,"{'SEX63', 'USX74', 'CAX16', 'NOX49'}",4,245
182,"{'SEX63', 'CAX16', 'NOX49', 'USX75'}",4,260
183,"{'USX74', 'CAX16', 'NOX49', 'USX75'}",4,245
184,"{'SEX63', 'USX74', 'CAX16', 'USX75'}",4,295
185,"{'CAX17', 'JPX38', 'DEX33', 'MNX45'}",4,66
186,"{'CAX17', 'JPX38', 'NOX49', 'DEX33'}",4,66
187,"{'SEX63', 'CAX17', 'JPX38', 'DEX33'}",4,66
188,"{'USX74', 'CAX17', 'JPX38', 'DEX33'}",4,61
189,"{'CAX17', 'JPX38', 'USX75', 'DEX33'}",4,66
190,"{'CAX17', 'NOX49', 'DEX33', 'MNX45'}",4,66
191,"{'SEX63', 'CAX17', 'DEX33', 'MNX45'}",4,66
192,"{'USX74', 'CAX17', 'DEX33', 'MNX45'}",4,61
193,"{'CAX17', 'USX75', 'DEX33', 'MNX45'}",4,66
194,"{'SEX63', 'CAX17', 'NOX49', 'DEX33'}",4,66
195,"{'USX74', 'CAX17', 'NOX49', 'DEX33'}",4,61
196,"{'CAX17', 'NOX49', 'USX75', 'DEX33'}",4,66
197,"{'SEX63', 'USX74', 'CAX17', 'DEX33'}",4,61
198,"{'SEX63', 'CAX17', 'USX75', 'DEX33'}",4,66
199,"{'USX74', 'CAX17', 'USX75', 'DEX33'}",4,61
200,"{'CAX17', 'JPX38', 'NOX49', 'MNX45'}",4,110
201,"{'SEX63', 'CAX17', 'JPX38', 'MNX45'}",4,120
202,"{'USX74', 'CAX17', 'JPX38', 'MNX45'}",4,117
203,"{'CAX17', 'JPX38', 'USX75', 'MNX45'}",4,119
204,"{'SEX63', 'CAX17', 'JPX38', 'NOX49'}",4,109
205,"{'USX74', 'CAX17', 'JPX38', 'NOX49'}",4,106
206,"{'CAX17', 'JPX38', 'NOX49', 'USX75'}",4,108
207,"{'SEX63', 'USX74', 'CAX17', 'JPX38'}",4,116
208,"{'SEX63', 'CAX17', 'JPX38', 'USX75'}",4,118
209,"{'USX74', 'CAX17', 'JPX38', 'USX75'}",4,115
210,"{'SEX63', 'CAX17', 'NOX49', 'MNX45'}",4,112
211,"{'USX74', 'CAX17', 'NOX49', 'MNX45'}",4,109
212,"{'CAX17', 'NOX49', 'USX75', 'MNX45'}",4,111
213,"{'SEX63', 'USX74', 'CAX17', 'MNX45'}",4,123
214,"{'SEX63', 'CAX17', 'USX75', 'MNX45'}",4,125
215,"{'USX74', 'CAX17', 'USX75', 'MNX45'}",4,122
216,"{'SEX63', 'USX74', 'CAX17', 'NOX49'}",4,108
217,"{'SEX63', 'CAX17', 'NOX49', 'USX75'}",4,110
218,"{'USX74', 'CAX17', 'NOX49', 'USX75'}",4,107
219,"{'SEX63', 'USX74', 'CAX17', 'USX75'}",4,121
220,"{'NOX49', 'JPX38', 'DEX33', 'MNX45'}",4,206
221,"{'SEX63', 'JPX38', 'DEX33', 'MNX45'}",4,268
222,"{'USX74', 'JPX38', 'DEX33', 'MNX45'}",4,209
223,"{'USX75', 'JPX38', 'DEX33', 'MNX45'}",4,258
224,"{'SEX63', 'NOX49', 'JPX38', 'DEX33'}",4,206
225,"{'USX74', 'NOX49', 'JPX38', 'DEX33'}",4,175
226,"{'NOX49', 'JPX38', 'USX75', 'DEX33'}",4,197
227,"{'SEX63', 'USX74', 'JPX38', 'DEX33'}",4,210
228,"{'SEX63', 'USX75', 'JPX38', 'DEX33'}",4,259
229,"{'USX74', 'USX75', 'JPX38', 'DEX33'}",4,210
230,"{'SEX63', 'NOX49', 'DEX33', 'MNX45'}",4,229
231,"{'USX74', 'NOX49', 'DEX33', 'MNX45'}",4,198
232,"{'USX75', 'NOX49', 'DEX33', 'MNX45'}",4,220
233,"{'SEX63', 'USX74', 'DEX33', 'MNX45'}",4,234
234,"{'SEX63', 'USX75', 'DEX33', 'MNX45'}",4,283
235,"{'USX74', 'USX75', 'DEX33', 'MNX45'}",4,234
236,"{'SEX63', 'USX74', 'NOX49', 'DEX33'}",4,198
237,"{'SEX63', 'USX75', 'NOX49', 'DEX33'}",4,220
238,"{'USX74', 'USX75', 'NOX49', 'DEX33'}",4,198
239,"{'SEX63', 'USX74', 'USX75', 'DEX33'}",4,235
240,"{'SEX63', 'NOX49', 'JPX38', 'MNX45'}",4,252
241,"{'USX74', 'NOX49', 'JPX38', 'MNX45'}",4,224
242,"{'NOX49', 'JPX38', 'USX75', 'MNX45'}",4,243
243,"{'SEX63', 'USX74', 'JPX38', 'MNX45'}",4,267
244,"{'SEX63', 'USX75', 'JPX38', 'MNX45'}",4,313
245,"{'USX74', 'USX75', 'JPX38', 'MNX45'}",4,267
246,"{'SEX63', 'USX74', 'NOX49', 'JPX38'}",4,222
247,"{'SEX63', 'NOX49', 'JPX38', 'USX75'}",4,241
248,"{'USX74', 'NOX49', 'JPX38', 'USX75'}",4,222
249,"{'SEX63', 'USX74', 'USX75', 'JPX38'}",4,266
250,"{'SEX63', 'USX74', 'NOX49', 'MNX45'}",4,248
251,"{'SEX63', 'USX75', 'NOX49', 'MNX45'}",4,267
252,"{'USX74', 'USX75', 'NOX49', 'MNX45'}",4,248
253,"{'SEX63', 'USX74', 'USX75', 'MNX45'}",4,297
254,"{'SEX63', 'USX74', 'USX75', 'NOX49'}",4,246
255,"{'JPX38', 'MNX45', 'DEX33', 'CAX16', 'CAX17'}",5,65
256,"{'JPX38', 'NOX49', 'DEX33', 'CAX16', 'CAX17'}",5,65
257,"{'JPX38', 'SEX63', 'DEX33', 'CAX16', 'CAX17'}",5,65
258,"{'JPX38', 'DEX33', 'USX74', 'CAX16', 'CAX17'}",5,60
259,"{'USX75', 'JPX38', 'DEX33', 'CAX16', 'CAX17'}",5,65
260,"{'NOX49', 'MNX45', 'DEX33', 'CAX16', 'CAX17'}",5,65
261,"{'MNX45', 'SEX63', 'DEX33', 'CAX16', 'CAX17'}",5,65
262,"{'MNX45', 'DEX33', 'USX74', 'CAX16', 'CAX17'}",5,60
263,"{'USX75', 'MNX45', 'DEX33', 'CAX16', 'CAX17'}",5,65
264,"{'NOX49', 'SEX63', 'DEX33', 'CAX16', 'CAX17'}",5,65
265,"{'NOX49', 'DEX33', 'USX74', 'CAX16', 'CAX17'}",5,60
266,"{'USX75', 'NOX49', 'DEX33', 'CAX16', 'CAX17'}",5,65
267,"{'SEX63', 'DEX33', 'USX74', 'CAX16', 'CAX17'}",5,60
268,"{'USX75', 'SEX63', 'DEX33', 'CAX16', 'CAX17'}",5,65
269,"{'USX75', 'DEX33', 'USX74', 'CAX16', 'CAX17'}",5,60
270,"{'JPX38', 'NOX49', 'MNX45', 'CAX16', 'CAX17'}",5,109
271,"{'JPX38', 'MNX45', 'SEX63', 'CAX16', 'CAX17'}",5,119
272,"{'JPX38', 'MNX45', 'USX74', 'CAX16', 'CAX17'}",5,116
273,"{'USX75', 'JPX38', 'MNX45', 'CAX16', 'CAX17'}",5,118
274,"{'JPX38', 'NOX49', 'SEX63', 'CAX16', 'CAX17'}",5,108
275,"{'JPX38', 'NOX49', 'USX74', 'CAX16', 'CAX17'}",5,105
276,"{'USX75', 'JPX38', 'NOX49', 'CAX16', 'CAX17'}",5,107
277,"{'JPX38', 'SEX63', 'USX74', 'CAX16', 'CAX17'}",5,115
278,"{'USX75', 'JPX38', 'SEX63', 'CAX16', 'CAX17'}",5,117
279,"{'USX75', 'JPX38', 'USX74', 'CAX16', 'CAX17'}",5,114
280,"{'NOX49', 'MNX45', 'SEX63', 'CAX16', 'CAX17'}",5,110
281,"{'NOX49', 'MNX45', 'USX74', 'CAX16', 'CAX17'}",5,107
282,"{'USX75', 'NOX49', 'MNX45', 'CAX16', 'CAX17'}",5,109
283,"{'MNX45', 'SEX63', 'USX74', 'CAX16', 'CAX17'}",5,121
284,"{'USX75', 'MNX45', 'SEX63', 'CAX16', 'CAX17'}",5,123
285,"{'USX75', 'MNX45', 'USX74', 'CAX16', 'CAX17'}",5,120
286,"{'NOX49', 'SEX63', 'USX74', 'CAX16', 'CAX17'}",5,106
287,"{'USX75', 'NOX49', 'SEX63', 'CAX16', 'CAX17'}",5,108
288,"{'USX75', 'NOX49', 'USX74', 'CAX16', 'CAX17'}",5,105
289,"{'USX75', 'SEX63', 'USX74', 'CAX16', 'CAX17'}",5,119
290,"{'JPX38', 'NOX49', 'MNX45', 'DEX33', 'CAX16'}",5,199
291,"{'JPX38', 'MNX45', 'SEX63', 'DEX33', 'CAX16'}",5,261
292,"{'JPX38', 'MNX45', 'DEX33', 'USX74', 'CAX16'}",5,206
293,"{'USX75', 'JPX38', 'MNX45', 'DEX33', 'CAX16'}",5,251
294,"{'JPX38', 'NOX49', 'SEX63', 'DEX33', 'CAX16'}",5,199
295,"{'JPX38', 'NOX49', 'DEX33', 'USX74', 'CAX16'}",5,172
296,"{'USX75', 'JPX38', 'NOX49', 'DEX33', 'CAX16'}",5,190
297,"{'JPX38', 'SEX63', 'DEX33', 'USX74', 'CAX16'}",5,207
298,"{'USX75', 'JPX38', 'SEX63', 'DEX33', 'CAX16'}",5,252
299,"{'USX75', 'JPX38', 'DEX33', 'USX74', 'CAX16'}",5,207
300,"{'NOX49', 'MNX45', 'SEX63', 'DEX33', 'CAX16'}",5,222
301,"{'NOX49', 'MNX45', 'DEX33', 'USX74', 'CAX16'}",5,195
302,"{'USX75', 'NOX49', 'MNX45', 'DEX33', 'CAX16'}",5,213
303,"{'MNX45', 'SEX63', 'DEX33', 'USX74', 'CAX16'}",5,231
304,"{'USX75', 'MNX45', 'SEX63', 'DEX33', 'CAX16'}",5,276
305,"{'USX75', 'MNX45', 'DEX33', 'USX74', 'CAX16'}",5,231
306,"{'NOX49', 'SEX63', 'DEX33', 'USX74', 'CAX16'}",5,195
307,"{'USX75', 'NOX49', 'SEX63', 'DEX33', 'CAX16'}",5,213
308,"{'USX75', 'NOX49', 'DEX33', 'USX74', 'CAX16'}",5,195
309,"{'USX75', 'SEX63', 'DEX33', 'USX74', 'CAX16'}",5,232
310,"{'JPX38', 'NOX49', 'MNX45', 'SEX63', 'CAX16'}",5,245
311,"{'JPX38', 'NOX49', 'MNX45', 'USX74', 'CAX16'}",5,221
312,"{'USX75', 'JPX38', 'NOX49', 'MNX45', 'CAX16'}",5,236
313,"{'JPX38', 'MNX45', 'SEX63', 'USX74', 'CAX16'}",5,264
314,"{'USX75', 'JPX38', 'MNX45', 'SEX63', 'CAX16'}",5,306
315,"{'USX75', 'JPX38', 'MNX45', 'USX74', 'CAX16'}",5,264
316,"{'JPX38', 'NOX49', 'SEX63', 'USX74', 'CAX16'}",5,219
317,"{'USX75', 'JPX38', 'NOX49', 'SEX63', 'CAX16'}",5,234
318,"{'USX75', 'JPX38', 'NOX49', 'USX74', 'CAX16'}",5,219
319,"{'USX75', 'JPX38', 'SEX63', 'USX74', 'CAX16'}",5,263
320,"{'NOX49', 'MNX45', 'SEX63', 'USX74', 'CAX16'}",5,244
321,"{'USX75', 'NOX49', 'MNX45', 'SEX63', 'CAX16'}",5,259
322,"{'USX75', 'NOX49', 'MNX45', 'USX74', 'CAX16'}",5,244
323,"{'USX75', 'MNX45', 'SEX63', 'USX74', 'CAX16'}",5,293
324,"{'USX75', 'NOX49', 'SEX63', 'USX74', 'CAX16'}",5,242
325,"{'JPX38', 'NOX49', 'MNX45', 'DEX33', 'CAX17'}",5,66
326,"{'JPX38', 'MNX45', 'SEX63', 'DEX33', 'CAX17'}",5,66
327,"{'JPX38', 'MNX45', 'DEX33', 'USX74', 'CAX17'}",5,61
328,"{'USX75', 'JPX38', 'MNX45', 'DEX33', 'CAX17'}",5,66
329,"{'JPX38', 'NOX49', 'SEX63', 'DEX33', 'CAX17'}",5,66
330,"{'JPX38', 'NOX49', 'DEX33', 'USX74', 'CAX17'}",5,61
331,"{'USX75', 'JPX38', 'NOX49', 'DEX33', 'CAX17'}",5,66
332,"{'JPX38', 'SEX63', 'DEX33', 'USX74', 'CAX17'}",5,61
333,"{'USX75', 'JPX38', 'SEX63', 'DEX33', 'CAX17'}",5,66
334,"{'USX75', 'JPX38', 'DEX33', 'USX74', 'CAX17'}",5,61
335,"{'NOX49', 'MNX45', 'SEX63', 'DEX33', 'CAX17'}",5,66
336,"{'NOX49', 'MNX45', 'DEX33', 'USX74', 'CAX17'}",5,61
337,"{'USX75', 'NOX49', 'MNX45', 'DEX33', 'CAX17'}",5,66
338,"{'MNX45', 'SEX63', 'DEX33', 'USX74', 'CAX17'}",5,61
339,"{'USX75', 'MNX45', 'SEX63', 'DEX33', 'CAX17'}",5,66
340,"{'USX75', 'MNX45', 'DEX33', 'USX74', 'CAX17'}",5,61
341,"{'NOX49', 'SEX63', 'DEX33', 'USX74', 'CAX17'}",5,61
342,"{'USX75', 'NOX49', 'SEX63', 'DEX33', 'CAX17'}",5,66
343,"{'USX75', 'NOX49', 'DEX33', 'USX74', 'CAX17'}",5,61
344,"{'USX75', 'SEX63', 'DEX33', 'USX74', 'CAX17'}",5,61
345,"{'JPX38', 'NOX49', 'MNX45', 'SEX63', 'CAX17'}",5,108
346,"{'JPX38', 'NOX49', 'MNX45', 'USX74', 'CAX17'}",5,105
347,"{'USX75', 'JPX38', 'NOX49', 'MNX45', 'CAX17'}",5,107
348,"{'JPX38', 'MNX45', 'SEX63', 'USX74', 'CAX17'}",5,115
349,"{'USX75', 'JPX38', 'MNX45', 'SEX63', 'CAX17'}",5,117
350,"{'USX75', 'JPX38', 'MNX45', 'USX74', 'CAX17'}",5,114
351,"{'JPX38', 'NOX49', 'SEX63', 'USX74', 'CAX17'}",5,104
352,"{'USX75', 'JPX38', 'NOX49', 'SEX63', 'CAX17'}",5,106
353,"{'USX75', 'JPX38', 'NOX49', 'USX74', 'CAX17'}",5,103
354,"{'USX75', 'JPX38', 'SEX63', 'USX74', 'CAX17'}",5,113
355,"{'NOX49', 'MNX45', 'SEX63', 'USX74', 'CAX17'}",5,107
356,"{'USX75', 'NOX49', 'MNX45', 'SEX63', 'CAX17'}",5,109
357,"{'USX75', 'NOX49', 'MNX45', 'USX74', 'CAX17'}",5,106
358,"{'USX75', 'MNX45', 'SEX63', 'USX74', 'CAX17'}",5,120
359,"{'USX75', 'NOX49', 'SEX63', 'USX74', 'CAX17'}",5,105
360,"{'NOX49', 'JPX38', 'MNX45', 'SEX63', 'DEX33'}",5,206
361,"{'NOX49', 'JPX38', 'MNX45', 'DEX33', 'USX74'}",5,175
362,"{'USX75', 'NOX49', 'JPX38', 'MNX45', 'DEX33'}",5,197
363,"{'JPX38', 'MNX45', 'SEX63', 'DEX33', 'USX74'}",5,209
364,"{'USX75', 'JPX38', 'MNX45', 'SEX63', 'DEX33'}",5,258
365,"{'USX75', 'JPX38', 'MNX45', 'DEX33', 'USX74'}",5,209
366,"{'NOX49', 'JPX38', 'SEX63', 'DEX33', 'USX74'}",5,175
367,"{'USX75', 'NOX49', 'JPX38', 'SEX63', 'DEX33'}",5,197
368,"{'USX75', 'NOX49', 'JPX38', 'DEX33', 'USX74'}",5,175
369,"{'USX75', 'JPX38', 'SEX63', 'DEX33', 'USX74'}",5,210
370,"{'NOX49', 'MNX45', 'SEX63', 'DEX33', 'USX74'}",5,198
371,"{'USX75', 'NOX49', 'MNX45', 'SEX63', 'DEX33'}",5,220
372,"{'USX75', 'NOX49', 'MNX45', 'DEX33', 'USX74'}",5,198
373,"{'USX75', 'MNX45', 'SEX63', 'DEX33', 'USX74'}",5,234
374,"{'USX75', 'NOX49', 'SEX63', 'DEX33', 'USX74'}",5,198
375,"{'NOX49', 'JPX38', 'MNX45', 'SEX63', 'USX74'}",5,221
376,"{'USX75', 'NOX49', 'JPX38', 'MNX45', 'SEX63'}",5,240
377,"{'USX75', 'NOX49', 'JPX38', 'MNX45', 'USX74'}",5,221
378,"{'USX75', 'JPX38', 'MNX45', 'SEX63', 'USX74'}",5,264
379,"{'USX75', 'NOX49', 'JPX38', 'SEX63', 'USX74'}",5,219
380,"{'USX75', 'NOX49', 'MNX45', 'SEX63', 'USX74'}",5,245
381,"{'JPX38', 'NOX49', 'MNX45', 'DEX33', 'CAX16', 'CAX17'}",6,65
382,"{'JPX38', 'MNX45', 'SEX63', 'DEX33', 'CAX16', 'CAX17'}",6,65
383,"{'JPX38', 'MNX45', 'DEX33', 'USX74', 'CAX16', 'CAX17'}",6,60
384,"{'USX75', 'JPX38', 'MNX45', 'DEX33', 'CAX16', 'CAX17'}",6,65
385,"{'JPX38', 'NOX49', 'SEX63', 'DEX33', 'CAX16', 'CAX17'}",6,65
386,"{'JPX38', 'NOX49', 'DEX33', 'USX74', 'CAX16', 'CAX17'}",6,60
387,"{'USX75', 'JPX38', 'NOX49', 'DEX33', 'CAX16', 'CAX17'}",6,65
388,"{'JPX38', 'SEX63', 'DEX33', 'USX74', 'CAX16', 'CAX17'}",6,60
389,"{'USX75', 'JPX38', 'SEX63', 'DEX33', 'CAX16', 'CAX17'}",6,65
390,"{'USX75', 'JPX38', 'DEX33', 'USX74', 'CAX16', 'CAX17'}",6,60
391,"{'NOX49', 'MNX45', 'SEX63', 'DEX33', 'CAX16', 'CAX17'}",6,65
392,"{'NOX49', 'MNX45', 'DEX33', 'USX74', 'CAX16', 'CAX17'}",6,60
393,"{'USX75', 'NOX49', 'MNX45', 'DEX33', 'CAX16', 'CAX17'}",6,65
394,"{'MNX45', 'SEX63', 'DEX33', 'USX74', 'CAX16', 'CAX17'}",6,60
395,"{'USX75', 'MNX45', 'SEX63', 'DEX33', 'CAX16', 'CAX17'}",6,65
396,"{'USX75', 'MNX45', 'DEX33', 'USX74', 'CAX16', 'CAX17'}",6,60
397,"{'NOX49', 'SEX63', 'DEX33', 'USX74', 'CAX16', 'CAX17'}",6,60
398,"{'USX75', 'NOX49', 'SEX63', 'DEX33', 'CAX16', 'CAX17'}",6,65
399,"{'USX75', 'NOX49', 'DEX33', 'USX74', 'CAX16', 'CAX17'}",6,60
400,"{'USX75', 'SEX63', 'DEX33', 'USX74', 'CAX16', 'CAX17'}",6,60
401,"{'JPX38', 'NOX49', 'MNX45', 'SEX63', 'CAX16', 'CAX17'}",6,107
402,"{'JPX38', 'NOX49', 'MNX45', 'USX74', 'CAX16', 'CAX17'}",6,104
403,"{'USX75', 'JPX38', 'NOX49', 'MNX45', 'CAX16', 'CAX17'}",6,106
404,"{'JPX38', 'MNX45', 'SEX63', 'USX74', 'CAX16', 'CAX17'}",6,114
405,"{'USX75', 'JPX38', 'MNX45', 'SEX63', 'CAX16', 'CAX17'}",6,116
406,"{'USX75', 'JPX38', 'MNX45', 'USX74', 'CAX16', 'CAX17'}",6,113
407,"{'JPX38', 'NOX49', 'SEX63', 'USX74', 'CAX16', 'CAX17'}",6,103
408,"{'USX75', 'JPX38', 'NOX49', 'SEX63', 'CAX16', 'CAX17'}",6,105
409,"{'USX75', 'JPX38', 'NOX49', 'USX74', 'CAX16', 'CAX17'}",6,102
410,"{'USX75', 'JPX38', 'SEX63', 'USX74', 'CAX16', 'CAX17'}",6,112
411,"{'NOX49', 'MNX45', 'SEX63', 'USX74', 'CAX16', 'CAX17'}",6,105
412,"{'USX75', 'NOX49', 'MNX45', 'SEX63', 'CAX16', 'CAX17'}",6,107
413,"{'USX75', 'NOX49', 'MNX45', 'USX74', 'CAX16', 'CAX17'}",6,104
414,"{'USX75', 'MNX45', 'SEX63', 'USX74', 'CAX16', 'CAX17'}",6,118
415,"{'USX75', 'NOX49', 'SEX63', 'USX74', 'CAX16', 'CAX17'}",6,103
416,"{'JPX38', 'NOX49', 'MNX45', 'SEX63', 'DEX33', 'CAX16'}",6,199
417,"{'JPX38', 'NOX49', 'MNX45', 'DEX33', 'USX74', 'CAX16'}",6,172
418,"{'USX75', 'JPX38', 'NOX49', 'MNX45', 'DEX33', 'CAX16'}",6,190
419,"{'JPX38', 'MNX45', 'SEX63', 'DEX33', 'USX74', 'CAX16'}",6,206
420,"{'USX75', 'JPX38', 'MNX45', 'SEX63', 'DEX33', 'CAX16'}",6,251
421,"{'USX75', 'JPX38', 'MNX45', 'DEX33', 'USX74', 'CAX16'}",6,206
422,"{'JPX38', 'NOX49', 'SEX63', 'DEX33', 'USX74', 'CAX16'}",6,172
423,"{'USX75', 'JPX38', 'NOX49', 'SEX63', 'DEX33', 'CAX16'}",6,190
424,"{'USX75', 'JPX38', 'NOX49', 'DEX33', 'USX74', 'CAX16'}",6,172
425,"{'USX75', 'JPX38', 'SEX63', 'DEX33', 'USX74', 'CAX16'}",6,207
426,"{'NOX49', 'MNX45', 'SEX63', 'DEX33', 'USX74', 'CAX16'}",6,195
427,"{'USX75', 'NOX49', 'MNX45', 'SEX63', 'DEX33', 'CAX16'}",6,213
428,"{'USX75', 'NOX49', 'MNX45', 'DEX33', 'USX74', 'CAX16'}",6,195
429,"{'USX75', 'MNX45', 'SEX63', 'DEX33', 'USX74', 'CAX16'}",6,231
430,"{'USX75', 'NOX49', 'SEX63', 'DEX33', 'USX74', 'CAX16'}",6,195
431,"{'JPX38', 'NOX49', 'MNX45', 'SEX63', 'USX74', 'CAX16'}",6,218
432,"{'USX75', 'JPX38', 'NOX49', 'MNX45', 'SEX63', 'CAX16'}",6,233
433,"{'USX75', 'JPX38', 'NOX49', 'MNX45', 'USX74', 'CAX16'}",6,218
434,"{'USX75', 'JPX38', 'MNX45', 'SEX63', 'USX74', 'CAX16'}",6,261
435,"{'USX75', 'JPX38', 'NOX49', 'SEX63', 'USX74', 'CAX16'}",6,216
436,"{'USX75', 'NOX49', 'MNX45', 'SEX63', 'USX74', 'CAX16'}",6,241
437,"{'JPX38', 'NOX49', 'MNX45', 'SEX63', 'DEX33', 'CAX17'}",6,66
438,"{'JPX38', 'NOX49', 'MNX45', 'DEX33', 'USX74', 'CAX17'}",6,61
439,"{'USX75', 'JPX38', 'NOX49', 'MNX45', 'DEX33', 'CAX17'}",6,66
440,"{'JPX38', 'MNX45', 'SEX63', 'DEX33', 'USX74', 'CAX17'}",6,61
441,"{'USX75', 'JPX38', 'MNX45', 'SEX63', 'DEX33', 'CAX17'}",6,66
442,"{'USX75', 'JPX38', 'MNX45', 'DEX33', 'USX74', 'CAX17'}",6,61
443,"{'JPX38', 'NOX49', 'SEX63', 'DEX33', 'USX74', 'CAX17'}",6,61
444,"{'USX75', 'JPX38', 'NOX49', 'SEX63', 'DEX33', 'CAX17'}",6,66
445,"{'USX75', 'JPX38', 'NOX49', 'DEX33', 'USX74', 'CAX17'}",6,61
446,"{'USX75', 'JPX38', 'SEX63', 'DEX33', 'USX74', 'CAX17'}",6,61
447,"{'NOX49', 'MNX45', 'SEX63', 'DEX33', 'USX74', 'CAX17'}",6,61
448,"{'USX75', 'NOX49', 'MNX45', 'SEX63', 'DEX33', 'CAX17'}",6,66
449,"{'USX75', 'NOX49', 'MNX45', 'DEX33', 'USX74', 'CAX17'}",6,61
450,"{'USX75', 'MNX45', 'SEX63', 'DEX33', 'USX74', 'CAX17'}",6,61
451,"{'USX75', 'NOX49', 'SEX63', 'DEX33', 'USX74', 'CAX17'}",6,61
452,"{'JPX38', 'NOX49', 'MNX45', 'SEX63', 'USX74', 'CAX17'}",6,103
453,"{'USX75', 'JPX38', 'NOX49', 'MNX45', 'SEX63', 'CAX17'}",6,105
454,"{'USX75', 'JPX38', 'NOX49', 'MNX45', 'USX74', 'CAX17'}",6,102
455,"{'USX75', 'JPX38', 'MNX45', 'SEX63', 'USX74', 'CAX17'}",6,112
456,"{'USX75', 'JPX38', 'NOX49', 'SEX63', 'USX74', 'CAX17'}",6,101
457,"{'USX75', 'NOX49', 'MNX45', 'SEX63', 'USX74', 'CAX17'}",6,104
458,"{'NOX49', 'JPX38', 'MNX45', 'SEX63', 'DEX33', 'USX74'}",6,175
459,"{'USX75', 'NOX49', 'JPX38', 'MNX45', 'SEX63', 'DEX33'}",6,197
460,"{'USX75', 'NOX49', 'JPX38', 'MNX45', 'DEX33', 'USX74'}",6,175
461,"{'USX75', 'JPX38', 'MNX45', 'SEX63', 'DEX33', 'USX74'}",6,209
462,"{'USX75', 'NOX49', 'JPX38', 'SEX63', 'DEX33', 'USX74'}",6,175
463,"{'USX75', 'NOX49', 'MNX45', 'SEX63', 'DEX33', 'USX74'}",6,198
464,"{'USX75', 'NOX49', 'JPX38', 'MNX45', 'SEX63', 'USX74'}",6,218
465,"{'JPX38', 'NOX49', 'MNX45', 'SEX63', 'DEX33', 'CAX16', 'CAX17'}",7,65
466,"{'JPX38', 'NOX49', 'MNX45', 'DEX33', 'USX74', 'CAX16', 'CAX17'}",7,60
467,"{'USX75', 'JPX38', 'NOX49', 'MNX45', 'DEX33', 'CAX16', 'CAX17'}",7,65
468,"{'JPX38', 'MNX45', 'SEX63', 'DEX33', 'USX74', 'CAX16', 'CAX17'}",7,60
469,"{'USX75', 'JPX38', 'MNX45', 'SEX63', 'DEX33', 'CAX16', 'CAX17'}",7,65
470,"{'USX75', 'JPX38', 'MNX45', 'DEX33', 'USX74', 'CAX16', 'CAX17'}",7,60
471,"{'JPX38', 'NOX49', 'SEX63', 'DEX33', 'USX74', 'CAX16', 'CAX17'}",7,60
472,"{'USX75', 'JPX38', 'NOX49', 'SEX63', 'DEX33', 'CAX16', 'CAX17'}",7,65
473,"{'USX75', 'JPX38', 'NOX49', 'DEX33', 'USX74', 'CAX16', 'CAX17'}",7,60
474,"{'USX75', 'JPX38', 'SEX63', 'DEX33', 'USX74', 'CAX16', 'CAX17'}",7,60
475,"{'NOX49', 'MNX45', 'SEX63', 'DEX33', 'USX74', 'CAX16', 'CAX17'}",7,60
476,"{'USX75', 'NOX49', 'MNX45', 'SEX63', 'DEX33', 'CAX16', 'CAX17'}",7,65
477,"{'USX75', 'NOX49', 'MNX45', 'DEX33', 'USX74', 'CAX16', 'CAX17'}",7,60
478,"{'USX75', 'MNX45', 'SEX63', 'DEX33', 'USX74', 'CAX16', 'CAX17'}",7,60
479,"{'USX75', 'NOX49', 'SEX63', 'DEX33', 'USX74', 'CAX16', 'CAX17'}",7,60
480,"{'JPX38', 'NOX49', 'MNX45', 'SEX63', 'USX74', 'CAX16', 'CAX17'}",7,102
481,"{'USX75', 'JPX38', 'NOX49', 'MNX45', 'SEX63', 'CAX16', 'CAX17'}",7,104
482,"{'USX75', 'JPX38', 'NOX49', 'MNX45', 'USX74', 'CAX16', 'CAX17'}",7,101
483,"{'USX75', 'JPX38', 'MNX45', 'SEX63', 'USX74', 'CAX16', 'CAX17'}",7,111
484,"{'USX75', 'JPX38', 'NOX49', 'SEX63', 'USX74', 'CAX16', 'CAX17'}",7,100
485,"{'USX75', 'NOX49', 'MNX45', 'SEX63', 'USX74', 'CAX16', 'CAX17'}",7,102
486,"{'JPX38', 'NOX49', 'MNX45', 'SEX63', 'DEX33', 'USX74', 'CAX16'}",7,172
487,"{'USX75', 'JPX38', 'NOX49', 'MNX45', 'SEX63', 'DEX33', 'CAX16'}",7,190
488,"{'USX75', 'JPX38', 'NOX49', 'MNX45', 'DEX33', 'USX74', 'CAX16'}",7,172
489,"{'USX75', 'JPX38', 'MNX45', 'SEX63', 'DEX33', 'USX74', 'CAX16'}",7,206
490,"{'USX75', 'JPX38', 'NOX49', 'SEX63', 'DEX33', 'USX74', 'CAX16'}",7,172
491,"{'USX75', 'NOX49', 'MNX45', 'SEX63', 'DEX33', 'USX74', 'CAX16'}",7,195
492,"{'USX75', 'JPX38', 'NOX49', 'MNX45', 'SEX63', 'USX74', 'CAX16'}",7,215
493,"{'JPX38', 'NOX49', 'MNX45', 'SEX63', 'DEX33', 'USX74', 'CAX17'}",7,61
494,"{'USX75', 'JPX38', 'NOX49', 'MNX45', 'SEX63', 'DEX33', 'CAX17'}",7,66
495,"{'USX75', 'JPX38', 'NOX49', 'MNX45', 'DEX33', 'USX74', 'CAX17'}",7,61
496,"{'USX75', 'JPX38', 'MNX45', 'SEX63', 'DEX33', 'USX74', 'CAX17'}",7,61
497,"{'USX75', 'JPX38', 'NOX49', 'SEX63', 'DEX33', 'USX74', 'CAX17'}",7,61
498,"{'USX75', 'NOX49', 'MNX45', 'SEX63', 'DEX33', 'USX74', 'CAX17'}",7,61
499,"{'USX75', 'JPX38', 'NOX49', 'MNX45', 'SEX63', 'USX74', 'CAX17'}",7,100
500,"{'USX75', 'NOX49', 'JPX38', 'MNX45', 'SEX63', 'DEX33', 'USX74'}",7,175
501,"{'JPX38', 'NOX49', 'MNX45', 'SEX63', 'DEX33', 'USX74', 'CAX16', 'CAX17'}",8,60
502,"{'USX75', 'JPX38', 'NOX49', 'MNX45', 'SEX63', 'DEX33', 'CAX16', 'CAX17'}",8,65
503,"{'USX75', 'JPX38', 'NOX49', 'MNX45', 'DEX33', 'USX74', 'CAX16', 'CAX17'}",8,60
504,"{'USX75', 'JPX38', 'MNX45', 'SEX63', 'DEX33', 'USX74', 'CAX16', 'CAX17'}",8,60
505,"{'USX75', 'JPX38', 'NOX49', 'SEX63', 'DEX33', 'USX74', 'CAX16', 'CAX17'}",8,60
506,"{'USX75', 'NOX49', 'MNX45', 'SEX63', 'DEX33', 'USX74', 'CAX16', 'CAX17'}",8,60
507,"{'USX75', 'JPX38', 'NOX49', 'MNX45', 'SEX63', 'USX74', 'CAX16', 'CAX17'}",8,99
508,"{'USX75', 'JPX38', 'NOX49', 'MNX45', 'SEX63', 'DEX33', 'USX74', 'CAX16'}",8,172
509,"{'USX75', 'JPX38', 'NOX49', 'MNX45', 'SEX63', 'DEX33', 'USX74', 'CAX17'}",8,61
